id;nom;prenom;age;adresse;email
1;connect Connecticut;Platinum Profound;62651;violet;Adella97@hotmail.com
2;Toys;front-end;96463;Fish;Frieda.Murazik69@gmail.com
3;Books;grid-enabled;96192;orchid Licensed;Anabel20@hotmail.com
4;Tasty Wooden Hat Terrace Identity;technologies Gorgeous;35755;New York;Wilfred_McCullough@gmail.com
5;Soap olive;THX;34839;District Tools;Evangeline30@hotmail.com
6;Tools Checking Account Exclusive;firewall Panama;99979;Falkland Islands (Malvinas) Oklahoma;Steve_Koelpin@hotmail.com
7;Implementation;Stand-alone Views;15193;Corporate;Sigmund_Ward76@yahoo.com
8;Grocery object-oriented Checking Account;support Fantastic Plastic Pizza back up;67842;North Dakota withdrawal bi-directional;Johnathon.Gleason@hotmail.com
9;Open-architected Brook;Implementation Pass Ball;74616;deploy;Carlotta.Mueller@hotmail.com
10;Computer;Reduced;75714;Car Baht;Stacey39@hotmail.com
